gene,pert_iname_compound,pert_id_compound,broad_sample_orf,broad_sample_crispr
ABL1,GNF-5,BRD-K87632963,ccsbBroad304_14525,BRDN0001147538
ABL1,GNF-5,BRD-K87632963,ccsbBroad304_14525,BRDN0001145303
ABL1,LDN-212854,BRD-K59831625,ccsbBroad304_14525,BRDN0001147538
ABL1,LDN-212854,BRD-K59831625,ccsbBroad304_14525,BRDN0001145303
ABL1,ponatinib,BRD-K44227013,ccsbBroad304_14525,BRDN0001147538
ABL1,ponatinib,BRD-K44227013,ccsbBroad304_14525,BRDN0001145303
ABL1,PP-121,BRD-K81801188,ccsbBroad304_14525,BRDN0001147538
ABL1,PP-121,BRD-K81801188,ccsbBroad304_14525,BRDN0001145303
ABL1,PP-2,BRD-K95785537,ccsbBroad304_14525,BRDN0001147538
ABL1,PP-2,BRD-K95785537,ccsbBroad304_14525,BRDN0001145303
ABL1,regorafenib,BRD-K16730910,ccsbBroad304_14525,BRDN0001147538
ABL1,regorafenib,BRD-K16730910,ccsbBroad304_14525,BRDN0001145303
ADA,fludarabine,BRD-K66788707,ccsbBroad304_00023,BRDN0001486925
ADA,fludarabine,BRD-K66788707,ccsbBroad304_00023,BRDN0001479710
ADA,pentostatin,BRD-K91543828,ccsbBroad304_00023,BRDN0001486925
ADA,pentostatin,BRD-K91543828,ccsbBroad304_00023,BRDN0001479710
ADH1C,fomepizole,BRD-K56810756,ccsbBroad304_05777,BRDN0001483052
ADH1C,fomepizole,BRD-K56810756,ccsbBroad304_05777,BRDN0001479262
ADH1C,formononetin,BRD-K55567017,ccsbBroad304_05777,BRDN0001483052
ADH1C,formononetin,BRD-K55567017,ccsbBroad304_05777,BRDN0001479262
ADORA2A,ANR-94,BRD-K31170746,ccsbBroad304_05782,BRDN0001061130
ADORA2A,ANR-94,BRD-K31170746,ccsbBroad304_05782,BRDN0001061132
ADORA2A,dyphylline,BRD-A00827783,ccsbBroad304_05782,BRDN0001061130
ADORA2A,dyphylline,BRD-A00827783,ccsbBroad304_05782,BRDN0001061132
ADORA2A,efaroxan,BRD-A10739734,ccsbBroad304_05782,BRDN0001061130
ADORA2A,efaroxan,BRD-A10739734,ccsbBroad304_05782,BRDN0001061132
ADORA2A,N6-cyclopentyladenosine,BRD-K60150510,ccsbBroad304_05782,BRDN0001061130
ADORA2A,N6-cyclopentyladenosine,BRD-K60150510,ccsbBroad304_05782,BRDN0001061132
ADRA2B,aripiprazole,BRD-K70358946,ccsbBroad304_05785,BRDN0001481097
ADRA2B,aripiprazole,BRD-K70358946,ccsbBroad304_05785,BRDN0001482955
ADRA2B,olanzapine,BRD-K18895904,ccsbBroad304_05785,BRDN0001481097
ADRA2B,olanzapine,BRD-K18895904,ccsbBroad304_05785,BRDN0001482955
ADRA2B,paliperidone,BRD-A99888680,ccsbBroad304_05785,BRDN0001481097
ADRA2B,paliperidone,BRD-A99888680,ccsbBroad304_05785,BRDN0001482955
ADRA2B,RX-821002,BRD-A65597028,ccsbBroad304_05785,BRDN0001481097
ADRA2B,RX-821002,BRD-A65597028,ccsbBroad304_05785,BRDN0001482955
ADRA2B,spiroxatrine,BRD-A72483914,ccsbBroad304_05785,BRDN0001481097
ADRA2B,spiroxatrine,BRD-A72483914,ccsbBroad304_05785,BRDN0001482955
AGER,azeliragon,BRD-K51899933,ccsbBroad304_00037,BRDN0000581508
AGER,azeliragon,BRD-K51899933,ccsbBroad304_00037,BRDN0001490543
AGER,FPS-ZM1,BRD-K87691185,ccsbBroad304_00037,BRDN0000581508
AGER,FPS-ZM1,BRD-K87691185,ccsbBroad304_00037,BRDN0001490543
AKR1B1,alrestatin,BRD-K35498378,ccsbBroad304_00055,BRDN0001484659
AKR1B1,alrestatin,BRD-K35498378,ccsbBroad304_00055,BRDN0001480913
AKR1B1,citric-acid,BRD-K76792669,ccsbBroad304_00055,BRDN0001484659
AKR1B1,citric-acid,BRD-K76792669,ccsbBroad304_00055,BRDN0001480913
AKR1B1,sorbinil,BRD-A89164055,ccsbBroad304_00055,BRDN0001484659
AKR1B1,sorbinil,BRD-A89164055,ccsbBroad304_00055,BRDN0001480913
AKR1C1,hexestrol,BRD-A01078468,ccsbBroad304_06088,BRDN0001485957
AKR1C1,salicylic-acid,BRD-K93632104,ccsbBroad304_06088,BRDN0001485957
AKT1,BMS-536924,BRD-K34581968,ccsbBroad304_14538,BRDN0001054985
AKT1,BMS-536924,BRD-K34581968,ccsbBroad304_14538,BRDN0000562836
AKT1,GSK2110183,BRD-K25412176,ccsbBroad304_14538,BRDN0001054985
AKT1,GSK2110183,BRD-K25412176,ccsbBroad304_14538,BRDN0000562836
AKT1,PD-98059,BRD-K62810658,ccsbBroad304_14538,BRDN0001054985
AKT1,PD-98059,BRD-K62810658,ccsbBroad304_14538,BRDN0000562836
AKT1,SB-202190,BRD-K54330070,ccsbBroad304_14538,BRDN0001054985
AKT1,SB-202190,BRD-K54330070,ccsbBroad304_14538,BRDN0000562836
AKT1,SB-203580,BRD-A37704979,ccsbBroad304_14538,BRDN0001054985
AKT1,SB-203580,BRD-A37704979,ccsbBroad304_14538,BRDN0000562836
ALDH2,alda-1,BRD-K06890060,ccsbBroad304_00049,BRDN0001479055
ALDH2,alda-1,BRD-K06890060,ccsbBroad304_00049,BRDN0001486449
ALDH2,CVT-10216,BRD-K60659193,ccsbBroad304_00049,BRDN0001479055
ALDH2,CVT-10216,BRD-K60659193,ccsbBroad304_00049,BRDN0001486449
ALDH2,guanidine,BRD-K76037122,ccsbBroad304_00049,BRDN0001479055
ALDH2,guanidine,BRD-K76037122,ccsbBroad304_00049,BRDN0001486449
ALK,ceritinib,BRD-K22149900,ccsbBroad304_14540,BRDN0001147509
ALK,PF-06463922,BRD-A23124853,ccsbBroad304_14540,BRDN0001147509
ANXA1,dexamethasone,BRD-K38775274,ccsbBroad304_05821,BRDN0001483788
ANXA1,dexamethasone,BRD-K38775274,ccsbBroad304_05821,BRDN0001486382
ANXA1,dexamethasone,BRD-A10188456,ccsbBroad304_05821,BRDN0001483788
ANXA1,dexamethasone,BRD-A10188456,ccsbBroad304_05821,BRDN0001486382
ASIC1,amiloride,BRD-K97181089,ccsbBroad304_00008,BRDN0001485349
ASIC1,amiloride,BRD-K97181089,ccsbBroad304_00008,BRDN0001480309
ASIC1,benzamil,BRD-K87158025,ccsbBroad304_00008,BRDN0001485349
ASIC1,benzamil,BRD-K87158025,ccsbBroad304_00008,BRDN0001480309
ASIC1,nafamostat,BRD-K06674495,ccsbBroad304_00008,BRDN0001485349
ASIC1,nafamostat,BRD-K06674495,ccsbBroad304_00008,BRDN0001480309
ATM,KU-55933,BRD-K25311561,ccsbBroad304_10688,BRDN0001149518
ATM,KU-55933,BRD-K25311561,ccsbBroad304_10688,BRDN0001149033
ATM,KU-60019,BRD-K36016295,ccsbBroad304_10688,BRDN0001149518
ATM,KU-60019,BRD-K36016295,ccsbBroad304_10688,BRDN0001149033
ATP5F1D,enflurane,BRD-A51831848,ccsbBroad304_00129,BRDN0001480293
ATP5F1D,enflurane,BRD-A51831848,ccsbBroad304_00129,BRDN0001482384
ATP5F1D,isoflurane,BRD-A31564021,ccsbBroad304_00129,BRDN0001480293
ATP5F1D,isoflurane,BRD-A31564021,ccsbBroad304_00129,BRDN0001482384
AURKB,AMG900,BRD-K21728777,ccsbBroad304_14932,BRDN0001054845
AURKB,AMG900,BRD-K21728777,ccsbBroad304_14932,BRDN0000562944
AURKB,danusertib,BRD-K07881437,ccsbBroad304_14932,BRDN0001054845
AURKB,danusertib,BRD-K07881437,ccsbBroad304_14932,BRDN0000562944
AURKB,GSK1070916,BRD-K36740062,ccsbBroad304_14932,BRDN0001054845
AURKB,GSK1070916,BRD-K36740062,ccsbBroad304_14932,BRDN0000562944
AURKB,orantinib,BRD-K55966568,ccsbBroad304_14932,BRDN0001054845
AURKB,orantinib,BRD-K55966568,ccsbBroad304_14932,BRDN0000562944
AVPR1A,A-987306,BRD-K68982262,ccsbBroad304_00142,BRDN0001485604
AVPR1A,A-987306,BRD-K68982262,ccsbBroad304_00142,BRDN0001490153
AVPR1A,conivaptan,BRD-K37385792,ccsbBroad304_00142,BRDN0001485604
AVPR1A,conivaptan,BRD-K37385792,ccsbBroad304_00142,BRDN0001490153
AVPR1A,oxytocin,BRD-K25243230,ccsbBroad304_00142,BRDN0001485604
AVPR1A,oxytocin,BRD-K25243230,ccsbBroad304_00142,BRDN0001490153
BAX,BAM7,BRD-K07442505,ccsbBroad304_00150,BRDN0000564018
BAX,BAM7,BRD-K07442505,ccsbBroad304_00150,BRDN0000563764
BAX,BAX-channel-blocker,BRD-A18763547,ccsbBroad304_00150,BRDN0000564018
BAX,BAX-channel-blocker,BRD-A18763547,ccsbBroad304_00150,BRDN0000563764
BRAF,KG-5,BRD-K90747162,ccsbBroad304_16175,BRDN0001054801
BRAF,KG-5,BRD-K90747162,ccsbBroad304_16175,BRDN0000562882
BRAF,PD-98059,BRD-K62810658,ccsbBroad304_16175,BRDN0001054801
BRAF,PD-98059,BRD-K62810658,ccsbBroad304_16175,BRDN0000562882
BRAF,regorafenib,BRD-K16730910,ccsbBroad304_16175,BRDN0001054801
BRAF,regorafenib,BRD-K16730910,ccsbBroad304_16175,BRDN0000562882
BRAF,ZM-336372,BRD-K73789395,ccsbBroad304_16175,BRDN0001054801
BRAF,ZM-336372,BRD-K73789395,ccsbBroad304_16175,BRDN0000562882
BRD4,BI-2536,BRD-K64890080,ccsbBroad304_11738,BRDN0000733514
BRD4,BI-2536,BRD-K64890080,ccsbBroad304_11738,BRDN0001146786
BRD4,PFI-1,BRD-K13094524,ccsbBroad304_11738,BRDN0000733514
BRD4,PFI-1,BRD-K13094524,ccsbBroad304_11738,BRDN0001146786
BRD4,TG-101348,BRD-K12502280,ccsbBroad304_11738,BRDN0000733514
BRD4,TG-101348,BRD-K12502280,ccsbBroad304_11738,BRDN0001146786
BTK,acalabrutinib,BRD-K64034691,ccsbBroad304_14554,BRDN0001149473
BTK,acalabrutinib,BRD-K64034691,ccsbBroad304_14554,BRDN0001144958
BTK,AVL-292,BRD-K87782578,ccsbBroad304_14554,BRDN0001149473
BTK,AVL-292,BRD-K87782578,ccsbBroad304_14554,BRDN0001144958
CA14,brinzolamide,BRD-K74913225,ccsbBroad304_02813,BRDN0001489794
CA14,brinzolamide,BRD-K74913225,ccsbBroad304_02813,BRDN0001487815
CA14,carzenide,BRD-K09295674,ccsbBroad304_02813,BRDN0001489794
CA14,carzenide,BRD-K09295674,ccsbBroad304_02813,BRDN0001487815
CA14,coumarin,BRD-K23913458,ccsbBroad304_02813,BRDN0001489794
CA14,coumarin,BRD-K23913458,ccsbBroad304_02813,BRDN0001487815
CA14,ethoxzolamide,BRD-K18131774,ccsbBroad304_02813,BRDN0001489794
CA14,ethoxzolamide,BRD-K18131774,ccsbBroad304_02813,BRDN0001487815
CA5A,brinzolamide,BRD-K74913225,ccsbBroad304_05921,BRDN0001485334
CA5A,brinzolamide,BRD-K74913225,ccsbBroad304_05921,BRDN0001486451
CA5A,ethoxzolamide,BRD-K18131774,ccsbBroad304_05921,BRDN0001485334
CA5A,ethoxzolamide,BRD-K18131774,ccsbBroad304_05921,BRDN0001486451
CACNA2D3,amlodipine,BRD-A22032524,ccsbBroad304_08590,BRDN0001481578
CACNA2D3,amlodipine,BRD-A22032524,ccsbBroad304_08590,BRDN0001485608
CACNA2D3,gabapentin-enacarbil,BRD-A86665761,ccsbBroad304_08590,BRDN0001481578
CACNA2D3,gabapentin-enacarbil,BRD-A86665761,ccsbBroad304_08590,BRDN0001485608
CACNA2D3,nilvadipine,BRD-A84687895,ccsbBroad304_08590,BRDN0001481578
CACNA2D3,nilvadipine,BRD-A84687895,ccsbBroad304_08590,BRDN0001485608
CACNB4,gabapentin-enacarbil,BRD-A86665761,ccsbBroad304_00202,BRDN0001487247
CACNB4,gabapentin-enacarbil,BRD-A86665761,ccsbBroad304_00202,BRDN0001487328
CACNB4,nimodipine,BRD-A58048407,ccsbBroad304_00202,BRDN0001487247
CACNB4,nimodipine,BRD-A58048407,ccsbBroad304_00202,BRDN0001487328
CACNG1,diltiazem,BRD-A69636825,ccsbBroad304_05926,BRDN0001479791
CACNG1,diltiazem,BRD-A69636825,ccsbBroad304_05926,BRDN0001480256
CACNG1,gabapentin-enacarbil,BRD-A86665761,ccsbBroad304_05926,BRDN0001479791
CACNG1,gabapentin-enacarbil,BRD-A86665761,ccsbBroad304_05926,BRDN0001480256
CACNG1,ibutilide,BRD-A74391928,ccsbBroad304_05926,BRDN0001479791
CACNG1,ibutilide,BRD-A74391928,ccsbBroad304_05926,BRDN0001480256
CACNG1,lercanidipine,BRD-A18992208,ccsbBroad304_05926,BRDN0001479791
CACNG1,lercanidipine,BRD-A18992208,ccsbBroad304_05926,BRDN0001480256
CASP3,minocycline,BRD-A69651145,ccsbBroad304_00221,BRDN0001488073
CASP3,minocycline,BRD-A69651145,ccsbBroad304_00221,BRDN0001484045
CASP3,NQDI-1,BRD-K61918008,ccsbBroad304_00221,BRDN0001488073
CASP3,NQDI-1,BRD-K61918008,ccsbBroad304_00221,BRDN0001484045
CASP3,PETCM,BRD-A93477898,ccsbBroad304_00221,BRDN0001488073
CASP3,PETCM,BRD-A93477898,ccsbBroad304_00221,BRDN0001484045
CATSPER4,dinoprostone,BRD-K26521938,ccsbBroad304_05555,BRDN0001483495
CATSPER4,dinoprostone,BRD-K26521938,ccsbBroad304_05555,BRDN0001484586
CATSPER4,NNC-55-0396,BRD-K78122587,ccsbBroad304_05555,BRDN0001483495
CATSPER4,NNC-55-0396,BRD-K78122587,ccsbBroad304_05555,BRDN0001484586
CCND1,arcyriaflavin-a,BRD-K72726508,ccsbBroad304_00155,BRDN0001066064
CCND1,arcyriaflavin-a,BRD-K72726508,ccsbBroad304_00155,BRDN0001066250
CCND1,briciclib,BRD-K05531427,ccsbBroad304_00155,BRDN0001066064
CCND1,briciclib,BRD-K05531427,ccsbBroad304_00155,BRDN0001066250
CCR1,A-987306,BRD-K68982262,ccsbBroad304_00331,BRDN0001485965
CCR1,A-987306,BRD-K68982262,ccsbBroad304_00331,BRDN0001480476
CCR1,ZK811752,BRD-K91825936,ccsbBroad304_00331,BRDN0001485965
CCR1,ZK811752,BRD-K91825936,ccsbBroad304_00331,BRDN0001480476
CDC25A,NSC-663284,BRD-K03109492,ccsbBroad304_00272,BRDN0001482005
CDC25A,NSC-663284,BRD-K03109492,ccsbBroad304_00272,BRDN0001485726
CDC25A,NSC-95397,BRD-K68143200,ccsbBroad304_00272,BRDN0001482005
CDC25A,NSC-95397,BRD-K68143200,ccsbBroad304_00272,BRDN0001485726
CDK2,aminopurvalanol-a,BRD-K07762753,ccsbBroad304_14572,BRDN0001147786
CDK2,aminopurvalanol-a,BRD-K07762753,ccsbBroad304_14572,BRDN0001148950
CDK2,BMS-536924,BRD-K34581968,ccsbBroad304_14572,BRDN0001147786
CDK2,BMS-536924,BRD-K34581968,ccsbBroad304_14572,BRDN0001148950
CDK2,NSC-625987,BRD-K62949423,ccsbBroad304_14572,BRDN0001147786
CDK2,NSC-625987,BRD-K62949423,ccsbBroad304_14572,BRDN0001148950
CDK2,PHA-793887,BRD-K64800655,ccsbBroad304_14572,BRDN0001147786
CDK2,PHA-793887,BRD-K64800655,ccsbBroad304_14572,BRDN0001148950
CDK2,purvalanol-a,BRD-K50836978,ccsbBroad304_14572,BRDN0001147786
CDK2,purvalanol-a,BRD-K50836978,ccsbBroad304_14572,BRDN0001148950
CDK2,RGB-286638,BRD-K20986415,ccsbBroad304_14572,BRDN0001147786
CDK2,RGB-286638,BRD-K20986415,ccsbBroad304_14572,BRDN0001148950
CDK2,ryuvidine,BRD-K06426971,ccsbBroad304_14572,BRDN0001147786
CDK2,ryuvidine,BRD-K06426971,ccsbBroad304_14572,BRDN0001148950
CDK2,TG-02,BRD-K14560436,ccsbBroad304_14572,BRDN0001147786
CDK2,TG-02,BRD-K14560436,ccsbBroad304_14572,BRDN0001148950
CDK4,arcyriaflavin-a,BRD-K72726508,ccsbBroad304_00277,BRDN0001493988
CDK4,arcyriaflavin-a,BRD-K72726508,ccsbBroad304_00277,BRDN0001053816
CDK4,NSC-625987,BRD-K62949423,ccsbBroad304_00277,BRDN0001493988
CDK4,NSC-625987,BRD-K62949423,ccsbBroad304_00277,BRDN0001053816
CDK4,PHA-793887,BRD-K64800655,ccsbBroad304_00277,BRDN0001493988
CDK4,PHA-793887,BRD-K64800655,ccsbBroad304_00277,BRDN0001053816
CDK4,purvalanol-a,BRD-K50836978,ccsbBroad304_00277,BRDN0001493988
CDK4,purvalanol-a,BRD-K50836978,ccsbBroad304_00277,BRDN0001053816
CDK4,RGB-286638,BRD-K20986415,ccsbBroad304_00277,BRDN0001493988
CDK4,RGB-286638,BRD-K20986415,ccsbBroad304_00277,BRDN0001053816
CDK4,ryuvidine,BRD-K06426971,ccsbBroad304_00277,BRDN0001493988
CDK4,ryuvidine,BRD-K06426971,ccsbBroad304_00277,BRDN0001053816
CDK7,PHA-793887,BRD-K64800655,ccsbBroad304_00280,BRDN0001162216
CDK7,PHA-793887,BRD-K64800655,ccsbBroad304_00280,BRDN0001147450
CDK7,RGB-286638,BRD-K20986415,ccsbBroad304_00280,BRDN0001162216
CDK7,RGB-286638,BRD-K20986415,ccsbBroad304_00280,BRDN0001147450
CDK7,TG-02,BRD-K14560436,ccsbBroad304_00280,BRDN0001162216
CDK7,TG-02,BRD-K14560436,ccsbBroad304_00280,BRDN0001147450
CDK9,PHA-793887,BRD-K64800655,ccsbBroad304_14579,BRDN0001162576
CDK9,PHA-793887,BRD-K64800655,ccsbBroad304_14579,BRDN0001480501
CDK9,RGB-286638,BRD-K20986415,ccsbBroad304_14579,BRDN0001162576
CDK9,RGB-286638,BRD-K20986415,ccsbBroad304_14579,BRDN0001480501
CDK9,TG-02,BRD-K14560436,ccsbBroad304_14579,BRDN0001162576
CDK9,TG-02,BRD-K14560436,ccsbBroad304_14579,BRDN0001480501
CHEK2,AZD7762,BRD-K86525559,ccsbBroad304_14989,BRDN0000585854
CHEK2,AZD7762,BRD-K86525559,ccsbBroad304_14989,BRDN0001145610
CHRM2,A-987306,BRD-K68982262,ccsbBroad304_00304,BRDN0001482877
CHRM2,A-987306,BRD-K68982262,ccsbBroad304_00304,BRDN0001486606
CHRM2,aripiprazole,BRD-K70358946,ccsbBroad304_00304,BRDN0001482877
CHRM2,aripiprazole,BRD-K70358946,ccsbBroad304_00304,BRDN0001486606
CHRM2,olanzapine,BRD-K18895904,ccsbBroad304_00304,BRDN0001482877
CHRM2,olanzapine,BRD-K18895904,ccsbBroad304_00304,BRDN0001486606
CHRM2,trihexyphenidyl,BRD-A48180038,ccsbBroad304_00304,BRDN0001482877
CHRM2,trihexyphenidyl,BRD-A48180038,ccsbBroad304_00304,BRDN0001486606
CHRM2,xanomeline,BRD-K72815923,ccsbBroad304_00304,BRDN0001482877
CHRM2,xanomeline,BRD-K72815923,ccsbBroad304_00304,BRDN0001486606
CHRM3,A-987306,BRD-K68982262,ccsbBroad304_00305,BRDN0001484703
CHRM3,A-987306,BRD-K68982262,ccsbBroad304_00305,BRDN0001480921
CHRM3,aripiprazole,BRD-K70358946,ccsbBroad304_00305,BRDN0001484703
CHRM3,aripiprazole,BRD-K70358946,ccsbBroad304_00305,BRDN0001480921
CHRM3,olanzapine,BRD-K18895904,ccsbBroad304_00305,BRDN0001484703
CHRM3,olanzapine,BRD-K18895904,ccsbBroad304_00305,BRDN0001480921
CHRM3,trihexyphenidyl,BRD-A48180038,ccsbBroad304_00305,BRDN0001484703
CHRM3,trihexyphenidyl,BRD-A48180038,ccsbBroad304_00305,BRDN0001480921
CHRM3,xanomeline,BRD-K72815923,ccsbBroad304_00305,BRDN0001484703
CHRM3,xanomeline,BRD-K72815923,ccsbBroad304_00305,BRDN0001480921
CHRM3,zamifenacin,BRD-K80451230,ccsbBroad304_00305,BRDN0001484703
CHRM3,zamifenacin,BRD-K80451230,ccsbBroad304_00305,BRDN0001480921
CLK1,KH-CB19,BRD-K66430217,ccsbBroad304_00326,BRDN0001147209
CLK1,KH-CB19,BRD-K66430217,ccsbBroad304_00326,BRDN0001146512
CLK1,TG-003,BRD-K97072811,ccsbBroad304_00326,BRDN0001147209
CLK1,TG-003,BRD-K97072811,ccsbBroad304_00326,BRDN0001146512
COMT,nialamide,BRD-K12102668,ccsbBroad304_06018,BRDN0001487915
COMT,nialamide,BRD-K12102668,ccsbBroad304_06018,BRDN0001488371
COMT,U-0521,BRD-K08953028,ccsbBroad304_06018,BRDN0001487915
COMT,U-0521,BRD-K08953028,ccsbBroad304_06018,BRDN0001488371
CSF1R,AC-710,BRD-K15819326,ccsbBroad304_14597,BRDN0001146959
CSF1R,AC-710,BRD-K15819326,ccsbBroad304_14597,BRDN0001146892
CSF1R,cediranib,BRD-K86930074,ccsbBroad304_14597,BRDN0001146959
CSF1R,cediranib,BRD-K86930074,ccsbBroad304_14597,BRDN0001146892
CSF1R,pazopanib,BRD-K74514084,ccsbBroad304_14597,BRDN0001146959
CSF1R,pazopanib,BRD-K74514084,ccsbBroad304_14597,BRDN0001146892
CSK,apatinib,BRD-K25244359,ccsbBroad304_00376,BRDN0000987760
CSK,apatinib,BRD-K25244359,ccsbBroad304_00376,BRDN0001144968
CSK,SRC-kinase-inhibitor-I,BRD-K50495309,ccsbBroad304_00376,BRDN0000987760
CSK,SRC-kinase-inhibitor-I,BRD-K50495309,ccsbBroad304_00376,BRDN0001144968
CTSG,aloxistatin,BRD-K91188791,ccsbBroad304_00396,BRDN0001483527
CTSG,aloxistatin,BRD-K91188791,ccsbBroad304_00396,BRDN0001489120
CTSG,delanzomib,BRD-K59325863,ccsbBroad304_00396,BRDN0001483527
CTSG,delanzomib,BRD-K59325863,ccsbBroad304_00396,BRDN0001489120
CYP1A2,enilconazole,BRD-K01825690,ccsbBroad304_00407,BRDN0001485385
CYP1A2,enilconazole,BRD-K01825690,ccsbBroad304_00407,BRDN0001487249
CYP1A2,methoxsalen,BRD-K63430059,ccsbBroad304_00407,BRDN0001485385
CYP1A2,methoxsalen,BRD-K63430059,ccsbBroad304_00407,BRDN0001487249
CYP1A2,nevirapine,BRD-K15502390,ccsbBroad304_00407,BRDN0001485385
CYP1A2,nevirapine,BRD-K15502390,ccsbBroad304_00407,BRDN0001487249
CYP2A6,coumarin,BRD-K23913458,ccsbBroad304_06071,BRDN0001479298
CYP2A6,cyclophosphamide,BRD-A09722536,ccsbBroad304_06071,BRDN0001479298
CYP2A6,methoxsalen,BRD-K63430059,ccsbBroad304_06071,BRDN0001479298
CYP2A6,nevirapine,BRD-K15502390,ccsbBroad304_06071,BRDN0001479298
CYP3A4,BMS-536924,BRD-K34581968,ccsbBroad304_00411,BRDN0001482043
CYP3A4,BMS-536924,BRD-K34581968,ccsbBroad304_00411,BRDN0001481569
CYP3A4,cyclophosphamide,BRD-A09722536,ccsbBroad304_00411,BRDN0001482043
CYP3A4,cyclophosphamide,BRD-A09722536,ccsbBroad304_00411,BRDN0001481569
CYP3A4,deferasirox,BRD-K97010173,ccsbBroad304_00411,BRDN0001482043
CYP3A4,deferasirox,BRD-K97010173,ccsbBroad304_00411,BRDN0001481569
CYP3A4,delanzomib,BRD-K59325863,ccsbBroad304_00411,BRDN0001482043
CYP3A4,delanzomib,BRD-K59325863,ccsbBroad304_00411,BRDN0001481569
CYP3A4,enilconazole,BRD-K01825690,ccsbBroad304_00411,BRDN0001482043
CYP3A4,enilconazole,BRD-K01825690,ccsbBroad304_00411,BRDN0001481569
CYP3A4,GSK1070916,BRD-K36740062,ccsbBroad304_00411,BRDN0001482043
CYP3A4,GSK1070916,BRD-K36740062,ccsbBroad304_00411,BRDN0001481569
CYP3A4,methoxsalen,BRD-K63430059,ccsbBroad304_00411,BRDN0001482043
CYP3A4,methoxsalen,BRD-K63430059,ccsbBroad304_00411,BRDN0001481569
CYP3A4,nevirapine,BRD-K15502390,ccsbBroad304_00411,BRDN0001482043
CYP3A4,nevirapine,BRD-K15502390,ccsbBroad304_00411,BRDN0001481569
CYP3A4,paliperidone,BRD-A99888680,ccsbBroad304_00411,BRDN0001482043
CYP3A4,paliperidone,BRD-A99888680,ccsbBroad304_00411,BRDN0001481569
CYP3A4,SB-203580,BRD-A37704979,ccsbBroad304_00411,BRDN0001482043
CYP3A4,SB-203580,BRD-A37704979,ccsbBroad304_00411,BRDN0001481569
DCK,fludarabine-phosphate,BRD-K71106091,ccsbBroad304_06085,BRDN0001148859
DCK,fludarabine-phosphate,BRD-K71106091,ccsbBroad304_06085,BRDN0001487070
DCK,torcitabine,BRD-K91822704,ccsbBroad304_06085,BRDN0001148859
DCK,torcitabine,BRD-K91822704,ccsbBroad304_06085,BRDN0001487070
DDR2,DDR1-IN-1,BRD-K61845293,ccsbBroad304_14724,BRDN0001147364
DDR2,DDR1-IN-1,BRD-K61845293,ccsbBroad304_14724,BRDN0001147906
DDR2,regorafenib,BRD-K16730910,ccsbBroad304_14724,BRDN0001147364
DDR2,regorafenib,BRD-K16730910,ccsbBroad304_14724,BRDN0001147906
DHH,M-25,BRD-K51265828,ccsbBroad304_03155,BRDN0001481027
DHH,M-25,BRD-K51265828,ccsbBroad304_03155,BRDN0001485023
DHH,taladegib,BRD-K50498985,ccsbBroad304_03155,BRDN0001481027
DHH,taladegib,BRD-K50498985,ccsbBroad304_03155,BRDN0001485023
DNMT3A,azacitidine,BRD-K03406345,ccsbBroad304_00454,BRDN0001066838
DNMT3A,azacitidine,BRD-K03406345,ccsbBroad304_00454,BRDN0001066751
DYRK1B,AZ191,BRD-K80935598,ccsbBroad304_14931,BRDN0001149482
DYRK1B,AZ191,BRD-K80935598,ccsbBroad304_14931,BRDN0001149418
DYRK1B,TC-S-7004,BRD-K89517477,ccsbBroad304_14931,BRDN0001149482
DYRK1B,TC-S-7004,BRD-K89517477,ccsbBroad304_14931,BRDN0001149418
DYRK1B,TG-003,BRD-K97072811,ccsbBroad304_14931,BRDN0001149482
DYRK1B,TG-003,BRD-K97072811,ccsbBroad304_14931,BRDN0001149418
EDNRB,BQ-788,BRD-K02490038,ccsbBroad304_06138,BRDN0001486852
EDNRB,BQ-788,BRD-K02490038,ccsbBroad304_06138,BRDN0001489609
EDNRB,IRL-2500,BRD-K98357249,ccsbBroad304_06138,BRDN0001486852
EDNRB,IRL-2500,BRD-K98357249,ccsbBroad304_06138,BRDN0001489609
ELANE,AZD9668,BRD-K31476763,ccsbBroad304_00494,BRDN0001482390
ELANE,AZD9668,BRD-K31476763,ccsbBroad304_00494,BRDN0001483830
ELANE,delanzomib,BRD-K59325863,ccsbBroad304_00494,BRDN0001482390
ELANE,delanzomib,BRD-K59325863,ccsbBroad304_00494,BRDN0001483830
ELANE,GW-311616,BRD-K37864785,ccsbBroad304_00494,BRDN0001482390
ELANE,GW-311616,BRD-K37864785,ccsbBroad304_00494,BRDN0001483830
ERBB2,BMS-536924,BRD-K34581968,ccsbBroad304_14631,BRDN0001148320
ERBB2,BMS-536924,BRD-K34581968,ccsbBroad304_14631,BRDN0000579738
ERBB2,CP-724714,BRD-K76908866,ccsbBroad304_14631,BRDN0001148320
ERBB2,CP-724714,BRD-K76908866,ccsbBroad304_14631,BRDN0000579738
ERBB2,FERb-033,BRD-K61642990,ccsbBroad304_14631,BRDN0001148320
ERBB2,FERb-033,BRD-K61642990,ccsbBroad304_14631,BRDN0000579738
EZH2,EI1,BRD-K91535048,ccsbBroad304_00526,BRDN0001057455
EZH2,UNC1999,BRD-K26989966,ccsbBroad304_00526,BRDN0001057455
F10,edoxaban,BRD-K29322660,ccsbBroad304_06188,BRDN0001483506
F10,edoxaban,BRD-K29322660,ccsbBroad304_06188,BRDN0001481654
F10,menadione,BRD-K78126613,ccsbBroad304_06188,BRDN0001483506
F10,menadione,BRD-K78126613,ccsbBroad304_06188,BRDN0001481654
FFAR2,4-CMTB,BRD-A54139254,ccsbBroad304_00681,BRDN0001487636
FFAR2,4-CMTB,BRD-A54139254,ccsbBroad304_00681,BRDN0001487543
FFAR2,sodium-butyrate,BRD-K05878375,ccsbBroad304_00681,BRDN0001487636
FFAR2,sodium-butyrate,BRD-K05878375,ccsbBroad304_00681,BRDN0001487543
FFAR4,GSK-37647,BRD-K26514105,ccsbBroad304_05439,BRDN0001483355
FFAR4,GSK-37647,BRD-K26514105,ccsbBroad304_05439,BRDN0001486630
FFAR4,TUG-891,BRD-K24282351,ccsbBroad304_05439,BRDN0001483355
FFAR4,TUG-891,BRD-K24282351,ccsbBroad304_05439,BRDN0001486630
FGF1,amlexanox,BRD-K29530284,ccsbBroad304_00555,BRDN0001485228
FGF1,amlexanox,BRD-K29530284,ccsbBroad304_00555,BRDN0001487761
FGF1,pazopanib,BRD-K74514084,ccsbBroad304_00555,BRDN0001485228
FGF1,pazopanib,BRD-K74514084,ccsbBroad304_00555,BRDN0001487761
FLT3,AC-710,BRD-K15819326,ccsbBroad304_14644,BRDN0001145324
FLT3,AC-710,BRD-K15819326,ccsbBroad304_14644,BRDN0001149376
FLT3,cediranib,BRD-K86930074,ccsbBroad304_14644,BRDN0001145324
FLT3,cediranib,BRD-K86930074,ccsbBroad304_14644,BRDN0001149376
FLT3,ceritinib,BRD-K22149900,ccsbBroad304_14644,BRDN0001145324
FLT3,ceritinib,BRD-K22149900,ccsbBroad304_14644,BRDN0001149376
FLT3,KG-5,BRD-K90747162,ccsbBroad304_14644,BRDN0001145324
FLT3,KG-5,BRD-K90747162,ccsbBroad304_14644,BRDN0001149376
FLT3,ponatinib,BRD-K44227013,ccsbBroad304_14644,BRDN0001145324
FLT3,ponatinib,BRD-K44227013,ccsbBroad304_14644,BRDN0001149376
FLT3,RGB-286638,BRD-K20986415,ccsbBroad304_14644,BRDN0001145324
FLT3,RGB-286638,BRD-K20986415,ccsbBroad304_14644,BRDN0001149376
FLT3,TG-02,BRD-K14560436,ccsbBroad304_14644,BRDN0001145324
FLT3,TG-02,BRD-K14560436,ccsbBroad304_14644,BRDN0001149376
FLT3,UNC2025,BRD-K91283740,ccsbBroad304_14644,BRDN0001145324
FLT3,UNC2025,BRD-K91283740,ccsbBroad304_14644,BRDN0001149376
FOXM1,thiostrepton,BRD-K58049875,ccsbBroad304_00576,BRDN0001480412
FOXM1,thiostrepton,BRD-K58049875,ccsbBroad304_00576,BRDN0001485150
FOXM1,thiostrepton,BRD-A20697603,ccsbBroad304_00576,BRDN0001480412
FOXM1,thiostrepton,BRD-A20697603,ccsbBroad304_00576,BRDN0001485150
FPR1,cyclosporine,BRD-K13533483,ccsbBroad304_06221,BRDN0000990355
FPR1,cyclosporine,BRD-K13533483,ccsbBroad304_06221,BRDN0000990412
FPR1,sulfinpyrazone,BRD-A36217750,ccsbBroad304_06221,BRDN0000990355
FPR1,sulfinpyrazone,BRD-A36217750,ccsbBroad304_06221,BRDN0000990412
GAA,castanospermine,BRD-K20897876,ccsbBroad304_06237,BRDN0001487440
GAA,castanospermine,BRD-K20897876,ccsbBroad304_06237,BRDN0001486303
GAA,miglitol,BRD-A63310107,ccsbBroad304_06237,BRDN0001487440
GAA,miglitol,BRD-A63310107,ccsbBroad304_06237,BRDN0001486303
GABRB2,enflurane,BRD-A51831848,ccsbBroad304_00607,BRDN0001486784
GABRB2,enflurane,BRD-A51831848,ccsbBroad304_00607,BRDN0001482741
GABRB2,isoflurane,BRD-A31564021,ccsbBroad304_00607,BRDN0001486784
GABRB2,isoflurane,BRD-A31564021,ccsbBroad304_00607,BRDN0001482741
GABRB2,olanzapine,BRD-K18895904,ccsbBroad304_00607,BRDN0001486784
GABRB2,olanzapine,BRD-K18895904,ccsbBroad304_00607,BRDN0001482741
GABRB2,ZK-93423,BRD-K33882852,ccsbBroad304_00607,BRDN0001486784
GABRB2,ZK-93423,BRD-K33882852,ccsbBroad304_00607,BRDN0001482741
GHSR,ibutamoren,BRD-K44771174,ccsbBroad304_06272,BRDN0001488469
GHSR,ibutamoren,BRD-K44771174,ccsbBroad304_06272,BRDN0001479972
GHSR,PF-05190457,BRD-K02554563,ccsbBroad304_06272,BRDN0001488469
GHSR,PF-05190457,BRD-K02554563,ccsbBroad304_06272,BRDN0001479972
GJB4,1-octanol,BRD-K09338665,ccsbBroad304_04829,BRDN0001486377
GJB4,1-octanol,BRD-K09338665,ccsbBroad304_04829,BRDN0001488358
GJB4,flufenamic-acid,BRD-K44067360,ccsbBroad304_04829,BRDN0001486377
GJB4,flufenamic-acid,BRD-K44067360,ccsbBroad304_04829,BRDN0001488358
GLRA3,picrotin,BRD-A91822151,ccsbBroad304_07194,BRDN0001486172
GLRA3,picrotin,BRD-A91822151,ccsbBroad304_07194,BRDN0001485619
GLRA3,picrotoxinin,BRD-K36461289,ccsbBroad304_07194,BRDN0001486172
GLRA3,picrotoxinin,BRD-K36461289,ccsbBroad304_07194,BRDN0001485619
GPR119,2-Oleoylglycerol,BRD-K77087341,ccsbBroad304_04933,BRDN0001487003
GPR119,2-Oleoylglycerol,BRD-K77087341,ccsbBroad304_04933,BRDN0001484228
GPR119,OMDM-2,BRD-K48830578,ccsbBroad304_04933,BRDN0001487003
GPR119,OMDM-2,BRD-K48830578,ccsbBroad304_04933,BRDN0001484228
GPR55,anandamide,BRD-K42352790,ccsbBroad304_02128,BRDN0001483314
GPR55,anandamide,BRD-K42352790,ccsbBroad304_02128,BRDN0001482725
GPR55,ML-193,BRD-K27539181,ccsbBroad304_02128,BRDN0001483314
GPR55,ML-193,BRD-K27539181,ccsbBroad304_02128,BRDN0001482725
GRIN2A,acetylcysteine,BRD-K59058747,ccsbBroad304_00691,BRDN0001481599
GRIN2A,acetylcysteine,BRD-K59058747,ccsbBroad304_00691,BRDN0001483549
GRIN2A,NBQX,BRD-K11796549,ccsbBroad304_00691,BRDN0001481599
GRIN2A,NBQX,BRD-K11796549,ccsbBroad304_00691,BRDN0001483549
GRIN2A,TCN201,BRD-K09787262,ccsbBroad304_00691,BRDN0001481599
GRIN2A,TCN201,BRD-K09787262,ccsbBroad304_00691,BRDN0001483549
GUCY1B1,riociguat,BRD-K84783599,ccsbBroad304_06343,BRDN0001479432
GUCY1B1,YC-1,BRD-K60476892,ccsbBroad304_06343,BRDN0001479432
HBB,"2,5-furandimethanol",BRD-K29791386,ccsbBroad304_06353,BRDN0001480931
HBB,"2,5-furandimethanol",BRD-K29791386,ccsbBroad304_06353,BRDN0001481787
HBB,efaproxiral,BRD-K37355418,ccsbBroad304_06353,BRDN0001480931
HBB,efaproxiral,BRD-K37355418,ccsbBroad304_06353,BRDN0001481787
HCK,PP-1,BRD-K47598052,ccsbBroad304_00733,BRDN0001147690
HCK,PP-1,BRD-K47598052,ccsbBroad304_00733,BRDN0000585461
HCK,PP-121,BRD-K81801188,ccsbBroad304_00733,BRDN0001147690
HCK,PP-121,BRD-K81801188,ccsbBroad304_00733,BRDN0000585461
HDAC3,RGFP966,BRD-K61688984,ccsbBroad304_07311,BRDN0000582721
HDAC3,RGFP966,BRD-K61688984,ccsbBroad304_07311,BRDN0000733096
HDAC3,romidepsin,BRD-K61397605,ccsbBroad304_07311,BRDN0000582721
HDAC3,romidepsin,BRD-K61397605,ccsbBroad304_07311,BRDN0000733096
HDAC3,sodium-butyrate,BRD-K05878375,ccsbBroad304_07311,BRDN0000582721
HDAC3,sodium-butyrate,BRD-K05878375,ccsbBroad304_07311,BRDN0000733096
HDAC6,bufexamac,BRD-K36660044,ccsbBroad304_11445,BRDN0000582784
HDAC6,bufexamac,BRD-K36660044,ccsbBroad304_11445,BRDN0001057535
HDAC6,droxinostat,BRD-K11558771,ccsbBroad304_11445,BRDN0000582784
HDAC6,droxinostat,BRD-K11558771,ccsbBroad304_11445,BRDN0001057535
HDAC6,romidepsin,BRD-K61397605,ccsbBroad304_11445,BRDN0000582784
HDAC6,romidepsin,BRD-K61397605,ccsbBroad304_11445,BRDN0001057535
HIF1A,BAY-87-2243,BRD-K70463136,ccsbBroad304_06365,BRDN0001480888
HIF1A,BAY-87-2243,BRD-K70463136,ccsbBroad304_06365,BRDN0001482977
HIF1A,ML-228,BRD-K44432556,ccsbBroad304_06365,BRDN0001480888
HIF1A,ML-228,BRD-K44432556,ccsbBroad304_06365,BRDN0001482977
HIF1A,YC-1,BRD-K60476892,ccsbBroad304_06365,BRDN0001480888
HIF1A,YC-1,BRD-K60476892,ccsbBroad304_06365,BRDN0001482977
HPGDS,TFC-007,BRD-K57708067,ccsbBroad304_03026,BRDN0001485605
HPGDS,TFC-007,BRD-K57708067,ccsbBroad304_03026,BRDN0001488605
HPGDS,tranilast,BRD-K17849083,ccsbBroad304_03026,BRDN0001485605
HPGDS,tranilast,BRD-K17849083,ccsbBroad304_03026,BRDN0001488605
HRH4,4-methylhistamine,BRD-K70821460,ccsbBroad304_03876,BRDN0001485022
HRH4,4-methylhistamine,BRD-K70821460,ccsbBroad304_03876,BRDN0001486748
HRH4,N-alpha-Methylhistamine-dihydrochloride,BRD-K75390981,ccsbBroad304_03876,BRDN0001485022
HRH4,N-alpha-Methylhistamine-dihydrochloride,BRD-K75390981,ccsbBroad304_03876,BRDN0001486748
HRH4,olanzapine,BRD-K18895904,ccsbBroad304_03876,BRDN0001485022
HRH4,olanzapine,BRD-K18895904,ccsbBroad304_03876,BRDN0001486748
HSD11B1,PF-915275,BRD-K18289362,ccsbBroad304_06403,BRDN0001484276
HSD11B1,PF-915275,BRD-K18289362,ccsbBroad304_06403,BRDN0001488463
HSD11B1,pyrrolidine-dithiocarbamate,BRD-K80970344,ccsbBroad304_06403,BRDN0001484276
HSD11B1,pyrrolidine-dithiocarbamate,BRD-K80970344,ccsbBroad304_06403,BRDN0001488463
HSP90AA1,ganetespib,BRD-K38852836,ccsbBroad304_06412,BRDN0001488886
HSP90AA1,ganetespib,BRD-K38852836,ccsbBroad304_06412,BRDN0001483257
HSP90AA1,geldanamycin,BRD-K43570081,ccsbBroad304_06412,BRDN0001488886
HSP90AA1,geldanamycin,BRD-K43570081,ccsbBroad304_06412,BRDN0001483257
HSP90AA1,NVP-HSP990,BRD-K67915505,ccsbBroad304_06412,BRDN0001488886
HSP90AA1,NVP-HSP990,BRD-K67915505,ccsbBroad304_06412,BRDN0001483257
HSP90AB1,geldanamycin,BRD-K43570081,ccsbBroad304_00799,BRDN0001484748
HSP90AB1,geldanamycin,BRD-K43570081,ccsbBroad304_00799,BRDN0001489575
HSP90AB1,NVP-HSP990,BRD-K67915505,ccsbBroad304_00799,BRDN0001484748
HSP90AB1,NVP-HSP990,BRD-K67915505,ccsbBroad304_00799,BRDN0001489575
HTR2C,aripiprazole,BRD-K70358946,ccsbBroad304_00805,BRDN0001487609
HTR2C,aripiprazole,BRD-K70358946,ccsbBroad304_00805,BRDN0001479324
HTR2C,olanzapine,BRD-K18895904,ccsbBroad304_00805,BRDN0001487609
HTR2C,olanzapine,BRD-K18895904,ccsbBroad304_00805,BRDN0001479324
HTR2C,paliperidone,BRD-A99888680,ccsbBroad304_00805,BRDN0001487609
HTR2C,paliperidone,BRD-A99888680,ccsbBroad304_00805,BRDN0001479324
HTR2C,trazodone,BRD-K70778732,ccsbBroad304_00805,BRDN0001487609
HTR2C,trazodone,BRD-K70778732,ccsbBroad304_00805,BRDN0001479324
HTR2C,xanomeline,BRD-K72815923,ccsbBroad304_00805,BRDN0001487609
HTR2C,xanomeline,BRD-K72815923,ccsbBroad304_00805,BRDN0001479324
HTR3A,A-987306,BRD-K68982262,ccsbBroad304_10895,BRDN0001484377
HTR3A,A-987306,BRD-K68982262,ccsbBroad304_10895,BRDN0001480865
HTR3A,aripiprazole,BRD-K70358946,ccsbBroad304_10895,BRDN0001484377
HTR3A,aripiprazole,BRD-K70358946,ccsbBroad304_10895,BRDN0001480865
HTR3A,diltiazem,BRD-A69636825,ccsbBroad304_10895,BRDN0001484377
HTR3A,diltiazem,BRD-A69636825,ccsbBroad304_10895,BRDN0001480865
HTR3A,olanzapine,BRD-K18895904,ccsbBroad304_10895,BRDN0001484377
HTR3A,olanzapine,BRD-K18895904,ccsbBroad304_10895,BRDN0001480865
HTR3A,picrotoxinin,BRD-K36461289,ccsbBroad304_10895,BRDN0001484377
HTR3A,picrotoxinin,BRD-K36461289,ccsbBroad304_10895,BRDN0001480865
HTR3A,procaine,BRD-K24616672,ccsbBroad304_10895,BRDN0001484377
HTR3A,procaine,BRD-K24616672,ccsbBroad304_10895,BRDN0001480865
ICAM1,A205804,BRD-K77627880,ccsbBroad304_00811,BRDN0000734502
ICAM1,A205804,BRD-K77627880,ccsbBroad304_00811,BRDN0000734459
ICAM1,polydatin,BRD-K43236057,ccsbBroad304_00811,BRDN0000734502
ICAM1,polydatin,BRD-K43236057,ccsbBroad304_00811,BRDN0000734459
IGF1R,BMS-536924,BRD-K34581968,ccsbBroad304_14671,BRDN0001065819
IGF1R,BMS-536924,BRD-K34581968,ccsbBroad304_14671,BRDN0001065728
IGF1R,ceritinib,BRD-K22149900,ccsbBroad304_14671,BRDN0001065819
IGF1R,ceritinib,BRD-K22149900,ccsbBroad304_14671,BRDN0001065728
IGF1R,NVP-ADW742,BRD-K15179513,ccsbBroad304_14671,BRDN0001065819
IGF1R,NVP-ADW742,BRD-K15179513,ccsbBroad304_14671,BRDN0001065728
IGF1R,NVP-AEW541,BRD-K24696047,ccsbBroad304_14671,BRDN0001065819
IGF1R,NVP-AEW541,BRD-K24696047,ccsbBroad304_14671,BRDN0001065728
IL1B,diacerein,BRD-K69122748,ccsbBroad304_00843,BRDN0001481686
IL1B,diacerein,BRD-K69122748,ccsbBroad304_00843,BRDN0001481083
IL1B,ibudilast,BRD-K16444452,ccsbBroad304_00843,BRDN0001481686
IL1B,ibudilast,BRD-K16444452,ccsbBroad304_00843,BRDN0001481083
IL1B,JTE-607,BRD-K81405859,ccsbBroad304_00843,BRDN0001481686
IL1B,JTE-607,BRD-K81405859,ccsbBroad304_00843,BRDN0001481083
IL1B,minocycline,BRD-A69651145,ccsbBroad304_00843,BRDN0001481686
IL1B,minocycline,BRD-A69651145,ccsbBroad304_00843,BRDN0001481083
IMPDH1,azathioprine,BRD-K32821942,ccsbBroad304_06451,BRDN0001489452
IMPDH1,azathioprine,BRD-K32821942,ccsbBroad304_06451,BRDN0001488805
IMPDH1,thioguanine,BRD-K49350383,ccsbBroad304_06451,BRDN0001489452
IMPDH1,thioguanine,BRD-K49350383,ccsbBroad304_06451,BRDN0001488805
ITGB2,BMS-587101,BRD-K20093108,ccsbBroad304_06464,BRDN0001489066
ITGB2,simvastatin,BRD-K22134346,ccsbBroad304_06464,BRDN0001489066
JAK1,filgotinib,BRD-K16803204,ccsbBroad304_14679,BRDN0001065674
JAK1,filgotinib,BRD-K16803204,ccsbBroad304_14679,BRDN0001065858
JAK1,ruxolitinib,BRD-K53972329,ccsbBroad304_14679,BRDN0001065674
JAK1,ruxolitinib,BRD-K53972329,ccsbBroad304_14679,BRDN0001065858
JAK1,TG-101348,BRD-K12502280,ccsbBroad304_14679,BRDN0001065674
JAK1,TG-101348,BRD-K12502280,ccsbBroad304_14679,BRDN0001065858
KCNH7,dalfampridine,BRD-K22482860,ccsbBroad304_04505,BRDN0001486718
KCNH7,dalfampridine,BRD-K22482860,ccsbBroad304_04505,BRDN0001485309
KCNH7,ibutilide,BRD-A74391928,ccsbBroad304_04505,BRDN0001486718
KCNH7,ibutilide,BRD-A74391928,ccsbBroad304_04505,BRDN0001485309
KCNH7,miconazole,BRD-A82396632,ccsbBroad304_04505,BRDN0001486718
KCNH7,miconazole,BRD-A82396632,ccsbBroad304_04505,BRDN0001485309
KCNH7,terazosin,BRD-K01825589,ccsbBroad304_04505,BRDN0001486718
KCNH7,terazosin,BRD-K01825589,ccsbBroad304_04505,BRDN0001485309
KCNJ1,acetohexamide,BRD-K52960356,ccsbBroad304_00894,BRDN0001484642
KCNJ1,acetohexamide,BRD-K52960356,ccsbBroad304_00894,BRDN0001485538
KCNJ1,glyburide,BRD-K36927236,ccsbBroad304_00894,BRDN0001484642
KCNJ1,glyburide,BRD-K36927236,ccsbBroad304_00894,BRDN0001485538
KCNJ1,VU591,BRD-K72063794,ccsbBroad304_00894,BRDN0001484642
KCNJ1,VU591,BRD-K72063794,ccsbBroad304_00894,BRDN0001485538
KCNK1,ibutilide,BRD-A74391928,ccsbBroad304_06483,BRDN0001480346
KCNK1,ibutilide,BRD-A74391928,ccsbBroad304_06483,BRDN0001483666
KCNK1,quinidine,BRD-K59632282,ccsbBroad304_06483,BRDN0001480346
KCNK1,quinidine,BRD-K59632282,ccsbBroad304_06483,BRDN0001483666
KCNMA1,flindokalner,BRD-K56740996,ccsbBroad304_10934,BRDN0001484752
KCNMA1,flindokalner,BRD-K56740996,ccsbBroad304_10934,BRDN0001481237
KCNMA1,miconazole,BRD-A82396632,ccsbBroad304_10934,BRDN0001484752
KCNMA1,miconazole,BRD-A82396632,ccsbBroad304_10934,BRDN0001481237
KCNMA1,NS-11021,BRD-K94342292,ccsbBroad304_10934,BRDN0001484752
KCNMA1,NS-11021,BRD-K94342292,ccsbBroad304_10934,BRDN0001481237
KCNMA1,procaine,BRD-K24616672,ccsbBroad304_10934,BRDN0001484752
KCNMA1,procaine,BRD-K24616672,ccsbBroad304_10934,BRDN0001481237
KCNN1,1-EBIO,BRD-K70586315,ccsbBroad304_00900,BRDN0001485421
KCNN1,1-EBIO,BRD-K70586315,ccsbBroad304_00900,BRDN0001485843
KCNN1,miconazole,BRD-A82396632,ccsbBroad304_00900,BRDN0001485421
KCNN1,miconazole,BRD-A82396632,ccsbBroad304_00900,BRDN0001485843
KCNN1,NS-309,BRD-K37602296,ccsbBroad304_00900,BRDN0001485421
KCNN1,NS-309,BRD-K37602296,ccsbBroad304_00900,BRDN0001485843
KCNN1,procaine,BRD-K24616672,ccsbBroad304_00900,BRDN0001485421
KCNN1,procaine,BRD-K24616672,ccsbBroad304_00900,BRDN0001485843
KCNN4,1-EBIO,BRD-K70586315,ccsbBroad304_00902,BRDN0001481331
KCNN4,1-EBIO,BRD-K70586315,ccsbBroad304_00902,BRDN0001481651
KCNN4,enflurane,BRD-A51831848,ccsbBroad304_00902,BRDN0001481331
KCNN4,enflurane,BRD-A51831848,ccsbBroad304_00902,BRDN0001481651
KCNN4,flindokalner,BRD-K56740996,ccsbBroad304_00902,BRDN0001481331
KCNN4,flindokalner,BRD-K56740996,ccsbBroad304_00902,BRDN0001481651
KCNN4,miconazole,BRD-A82396632,ccsbBroad304_00902,BRDN0001481331
KCNN4,miconazole,BRD-A82396632,ccsbBroad304_00902,BRDN0001481651
KCNN4,NS-309,BRD-K37602296,ccsbBroad304_00902,BRDN0001481331
KCNN4,NS-309,BRD-K37602296,ccsbBroad304_00902,BRDN0001481651
KCNN4,procaine,BRD-K24616672,ccsbBroad304_00902,BRDN0001481331
KCNN4,procaine,BRD-K24616672,ccsbBroad304_00902,BRDN0001481651
KCNN4,quinine,BRD-K48278478,ccsbBroad304_00902,BRDN0001481331
KCNN4,quinine,BRD-K48278478,ccsbBroad304_00902,BRDN0001481651
KCNQ2,dalfampridine,BRD-K22482860,ccsbBroad304_00904,BRDN0001483003
KCNQ2,dalfampridine,BRD-K22482860,ccsbBroad304_00904,BRDN0001489498
KCNQ2,flindokalner,BRD-K56740996,ccsbBroad304_00904,BRDN0001483003
KCNQ2,flindokalner,BRD-K56740996,ccsbBroad304_00904,BRDN0001489498
KCNQ2,flupirtine,BRD-K50720187,ccsbBroad304_00904,BRDN0001483003
KCNQ2,flupirtine,BRD-K50720187,ccsbBroad304_00904,BRDN0001489498
KCNQ2,meclofenamic-acid,BRD-K50398167,ccsbBroad304_00904,BRDN0001483003
KCNQ2,meclofenamic-acid,BRD-K50398167,ccsbBroad304_00904,BRDN0001489498
KCTD16,baclofen,BRD-K01826724,ccsbBroad304_03827,BRDN0001489555
KCTD16,baclofen,BRD-K01826724,ccsbBroad304_03827,BRDN0001484319
KCTD16,saclofen,BRD-A24122750,ccsbBroad304_03827,BRDN0001489555
KCTD16,saclofen,BRD-A24122750,ccsbBroad304_03827,BRDN0001484319
KDR,apatinib,BRD-K25244359,ccsbBroad304_14684,BRDN0001144938
KDR,apatinib,BRD-K25244359,ccsbBroad304_14684,BRDN0001146819
KDR,BMS-536924,BRD-K34581968,ccsbBroad304_14684,BRDN0001144938
KDR,BMS-536924,BRD-K34581968,ccsbBroad304_14684,BRDN0001146819
KDR,cediranib,BRD-K86930074,ccsbBroad304_14684,BRDN0001144938
KDR,cediranib,BRD-K86930074,ccsbBroad304_14684,BRDN0001146819
KDR,motesanib,BRD-K99616396,ccsbBroad304_14684,BRDN0001144938
KDR,motesanib,BRD-K99616396,ccsbBroad304_14684,BRDN0001146819
KDR,orantinib,BRD-K55966568,ccsbBroad304_14684,BRDN0001144938
KDR,orantinib,BRD-K55966568,ccsbBroad304_14684,BRDN0001146819
KDR,pazopanib,BRD-K74514084,ccsbBroad304_14684,BRDN0001144938
KDR,pazopanib,BRD-K74514084,ccsbBroad304_14684,BRDN0001146819
KDR,ponatinib,BRD-K44227013,ccsbBroad304_14684,BRDN0001144938
KDR,ponatinib,BRD-K44227013,ccsbBroad304_14684,BRDN0001146819
KDR,PP-121,BRD-K81801188,ccsbBroad304_14684,BRDN0001144938
KDR,PP-121,BRD-K81801188,ccsbBroad304_14684,BRDN0001146819
KDR,regorafenib,BRD-K16730910,ccsbBroad304_14684,BRDN0001144938
KDR,regorafenib,BRD-K16730910,ccsbBroad304_14684,BRDN0001146819
KDR,SKLB1002,BRD-K29895144,ccsbBroad304_14684,BRDN0001144938
KDR,SKLB1002,BRD-K29895144,ccsbBroad304_14684,BRDN0001146819
KRAS,lonafarnib,BRD-K41599323,ccsbBroad304_16173,BRDN0001054815
KRAS,lonafarnib,BRD-K41599323,ccsbBroad304_16173,BRDN0000563627
LCK,BMS-536924,BRD-K34581968,ccsbBroad304_14688,BRDN0001145503
LCK,BMS-536924,BRD-K34581968,ccsbBroad304_14688,BRDN0001145758
LCK,PD-98059,BRD-K62810658,ccsbBroad304_14688,BRDN0001145503
LCK,PD-98059,BRD-K62810658,ccsbBroad304_14688,BRDN0001145758
LCK,ponatinib,BRD-K44227013,ccsbBroad304_14688,BRDN0001145503
LCK,ponatinib,BRD-K44227013,ccsbBroad304_14688,BRDN0001145758
LCK,PP-2,BRD-K95785537,ccsbBroad304_14688,BRDN0001145503
LCK,PP-2,BRD-K95785537,ccsbBroad304_14688,BRDN0001145758
LCK,SB-202190,BRD-K54330070,ccsbBroad304_14688,BRDN0001145503
LCK,SB-202190,BRD-K54330070,ccsbBroad304_14688,BRDN0001145758
LCK,SB-203580,BRD-A37704979,ccsbBroad304_14688,BRDN0001145503
LCK,SB-203580,BRD-A37704979,ccsbBroad304_14688,BRDN0001145758
LCK,SRC-kinase-inhibitor-I,BRD-K50495309,ccsbBroad304_14688,BRDN0001145503
LCK,SRC-kinase-inhibitor-I,BRD-K50495309,ccsbBroad304_14688,BRDN0001145758
LCK,WH-4-023,BRD-K50199947,ccsbBroad304_14688,BRDN0001145503
LCK,WH-4-023,BRD-K50199947,ccsbBroad304_14688,BRDN0001145758
LCK,ZM-336372,BRD-K73789395,ccsbBroad304_14688,BRDN0001145503
LCK,ZM-336372,BRD-K73789395,ccsbBroad304_14688,BRDN0001145758
LPAR1,H2L-5765834,BRD-K26439554,ccsbBroad304_00477,BRDN0001483194
LPAR1,H2L-5765834,BRD-K26439554,ccsbBroad304_00477,BRDN0001487712
LPAR1,KI-16425,BRD-A25569250,ccsbBroad304_00477,BRDN0001483194
LPAR1,KI-16425,BRD-A25569250,ccsbBroad304_00477,BRDN0001487712
LYN,ponatinib,BRD-K44227013,ccsbBroad304_00954,BRDN0001145318
LYN,PP-2,BRD-K95785537,ccsbBroad304_00954,BRDN0001145318
MAPK14,PD-98059,BRD-K62810658,ccsbBroad304_00371,BRDN0001148417
MAPK14,SB-202190,BRD-K54330070,ccsbBroad304_00371,BRDN0001148417
MAPK14,SB-203580,BRD-A37704979,ccsbBroad304_00371,BRDN0001148417
MAPK14,ZM-336372,BRD-K73789395,ccsbBroad304_00371,BRDN0001148417
MAPK8,CC-401,BRD-K45746021,ccsbBroad304_01287,BRDN0001065508
MAPK8,CC-401,BRD-K45746021,ccsbBroad304_01287,BRDN0001065244
MAPK8,PD-98059,BRD-K62810658,ccsbBroad304_01287,BRDN0001065508
MAPK8,PD-98059,BRD-K62810658,ccsbBroad304_01287,BRDN0001065244
MAPK8,SB-202190,BRD-K54330070,ccsbBroad304_01287,BRDN0001065508
MAPK8,SB-202190,BRD-K54330070,ccsbBroad304_01287,BRDN0001065244
MAPK8,SB-203580,BRD-A37704979,ccsbBroad304_01287,BRDN0001065508
MAPK8,SB-203580,BRD-A37704979,ccsbBroad304_01287,BRDN0001065244
MAPK8,SU3327,BRD-K32730239,ccsbBroad304_01287,BRDN0001065508
MAPK8,SU3327,BRD-K32730239,ccsbBroad304_01287,BRDN0001065244
MET,BMS-536924,BRD-K34581968,ccsbBroad304_14696,BRDN0000734703
MET,BMS-536924,BRD-K34581968,ccsbBroad304_14696,BRDN0001065558
MET,PF-04217903,BRD-K73319509,ccsbBroad304_14696,BRDN0000734703
MET,PF-04217903,BRD-K73319509,ccsbBroad304_14696,BRDN0001065558
MET,SGX523,BRD-K19477839,ccsbBroad304_14696,BRDN0000734703
MET,SGX523,BRD-K19477839,ccsbBroad304_14696,BRDN0001065558
MME,racecadotril,BRD-A08187463,ccsbBroad304_01020,BRDN0001484783
MME,racecadotril,BRD-A08187463,ccsbBroad304_01020,BRDN0001488696
MME,sacubitril,BRD-K91456750,ccsbBroad304_01020,BRDN0001484783
MME,sacubitril,BRD-K91456750,ccsbBroad304_01020,BRDN0001488696
MMP2,batimastat,BRD-K82818427,ccsbBroad304_06588,BRDN0001480861
MMP2,batimastat,BRD-K82818427,ccsbBroad304_06588,BRDN0001485794
MMP2,ilomastat,BRD-K51662849,ccsbBroad304_06588,BRDN0001480861
MMP2,ilomastat,BRD-K51662849,ccsbBroad304_06588,BRDN0001485794
NAMPT,FK-866,BRD-K58550667,ccsbBroad304_07557,BRDN0001484730
NAMPT,FK-866,BRD-K58550667,ccsbBroad304_07557,BRDN0001481327
NTRK1,danusertib,BRD-K07881437,ccsbBroad304_14720,BRDN0001148112
NTRK1,GNF-5837,BRD-K19975102,ccsbBroad304_14720,BRDN0001148112
NTRK1,LOXO-101,BRD-K36574127,ccsbBroad304_14720,BRDN0001148112
NTRK1,regorafenib,BRD-K16730910,ccsbBroad304_14720,BRDN0001148112
OPRL1,BAN-ORL-24,BRD-K47049295,ccsbBroad304_01121,BRDN0001490272
OPRL1,BAN-ORL-24,BRD-K47049295,ccsbBroad304_01121,BRDN0001488387
OPRL1,MCOPPB,BRD-K73276278,ccsbBroad304_01121,BRDN0001490272
OPRL1,MCOPPB,BRD-K73276278,ccsbBroad304_01121,BRDN0001488387
OPRM1,loperamide,BRD-K61250553,ccsbBroad304_01122,BRDN0001487618
OPRM1,nalmefene,BRD-A72767275,ccsbBroad304_01122,BRDN0001487618
OPRM1,somatostatin,BRD-K14681867,ccsbBroad304_01122,BRDN0001487618
P2RY12,AZD1283,BRD-K77060810,ccsbBroad304_08873,BRDN0001481609
P2RY12,AZD1283,BRD-K77060810,ccsbBroad304_08873,BRDN0001481136
P2RY12,epoprostenol,BRD-K64054020,ccsbBroad304_08873,BRDN0001481609
P2RY12,epoprostenol,BRD-K64054020,ccsbBroad304_08873,BRDN0001481136
P2RY12,prasugrel,BRD-A83029242,ccsbBroad304_08873,BRDN0001481609
P2RY12,prasugrel,BRD-A83029242,ccsbBroad304_08873,BRDN0001481136
P3H1,ascorbic-acid,BRD-A85242401,ccsbBroad304_03934,BRDN0001483208
P3H1,ascorbic-acid,BRD-A85242401,ccsbBroad304_03934,BRDN0001488340
P3H1,L-proline,BRD-K01666412,ccsbBroad304_03934,BRDN0001483208
P3H1,L-proline,BRD-K01666412,ccsbBroad304_03934,BRDN0001488340
PAK1,NVS-PAK1-1,BRD-K28132190,ccsbBroad304_01144,BRDN0001145958
PAK1,NVS-PAK1-1,BRD-K28132190,ccsbBroad304_01144,BRDN0001147867
PAK1,RKI-1447,BRD-K19333160,ccsbBroad304_01144,BRDN0001145958
PAK1,RKI-1447,BRD-K19333160,ccsbBroad304_01144,BRDN0001147867
PAK4,PF-03758309,BRD-K37764012,ccsbBroad304_02392,BRDN0001145608
PAK4,PF-03758309,BRD-K37764012,ccsbBroad304_02392,BRDN0001147629
PARP3,ME-0328,BRD-K24283677,ccsbBroad304_07535,BRDN0001480092
PARP3,ME-0328,BRD-K24283677,ccsbBroad304_07535,BRDN0001484654
PARP3,ME-0328,BRD-A63444178,ccsbBroad304_07535,BRDN0001480092
PARP3,ME-0328,BRD-A63444178,ccsbBroad304_07535,BRDN0001484654
PDE3A,cilostazol,BRD-K67017579,ccsbBroad304_06701,BRDN0001054403
PDE3A,cilostazol,BRD-K67017579,ccsbBroad304_06701,BRDN0001054361
PDE3A,dyphylline,BRD-A00827783,ccsbBroad304_06701,BRDN0001054403
PDE3A,dyphylline,BRD-A00827783,ccsbBroad304_06701,BRDN0001054361
PDE3A,ibudilast,BRD-K16444452,ccsbBroad304_06701,BRDN0001054403
PDE3A,ibudilast,BRD-K16444452,ccsbBroad304_06701,BRDN0001054361
PDE3A,Ro-20-1724,BRD-A07207424,ccsbBroad304_06701,BRDN0001054403
PDE3A,Ro-20-1724,BRD-A07207424,ccsbBroad304_06701,BRDN0001054361
PDE4D,amlexanox,BRD-K29530284,ccsbBroad304_11023,BRDN0000563501
PDE4D,amlexanox,BRD-K29530284,ccsbBroad304_11023,BRDN0000563722
PDE4D,dyphylline,BRD-A00827783,ccsbBroad304_11023,BRDN0000563501
PDE4D,dyphylline,BRD-A00827783,ccsbBroad304_11023,BRDN0000563722
PDE4D,ibudilast,BRD-K16444452,ccsbBroad304_11023,BRDN0000563501
PDE4D,ibudilast,BRD-K16444452,ccsbBroad304_11023,BRDN0000563722
PDE4D,Ro-20-1724,BRD-A07207424,ccsbBroad304_11023,BRDN0000563501
PDE4D,Ro-20-1724,BRD-A07207424,ccsbBroad304_11023,BRDN0000563722
PDE4D,zaprinast,BRD-K16542329,ccsbBroad304_11023,BRDN0000563501
PDE4D,zaprinast,BRD-K16542329,ccsbBroad304_11023,BRDN0000563722
PDE7A,BRL-50481,BRD-K84266862,ccsbBroad304_01161,BRDN0001487280
PDE7A,BRL-50481,BRD-K84266862,ccsbBroad304_01161,BRDN0001480242
PDE7A,dyphylline,BRD-A00827783,ccsbBroad304_01161,BRDN0001487280
PDE7A,dyphylline,BRD-A00827783,ccsbBroad304_01161,BRDN0001480242
PDPK1,7-hydroxystaurosporine,BRD-K45293975,ccsbBroad304_14741,BRDN0001145239
PDPK1,7-hydroxystaurosporine,BRD-K45293975,ccsbBroad304_14741,BRDN0001162582
PDPK1,AR-12,BRD-K90497590,ccsbBroad304_14741,BRDN0001145239
PDPK1,AR-12,BRD-K90497590,ccsbBroad304_14741,BRDN0001162582
PIK3CG,buparlisib,BRD-K42191735,ccsbBroad304_14762,BRDN0001065162
PIK3CG,buparlisib,BRD-K42191735,ccsbBroad304_14762,BRDN0001065152
PIK3CG,PP-121,BRD-K81801188,ccsbBroad304_14762,BRDN0001065162
PIK3CG,PP-121,BRD-K81801188,ccsbBroad304_14762,BRDN0001065152
PLA2G1B,desonide,BRD-K21528677,ccsbBroad304_01213,BRDN0001487270
PLA2G1B,desonide,BRD-K21528677,ccsbBroad304_01213,BRDN0001487520
PLA2G1B,niflumic-acid,BRD-K98763141,ccsbBroad304_01213,BRDN0001487270
PLA2G1B,niflumic-acid,BRD-K98763141,ccsbBroad304_01213,BRDN0001487520
PLA2G1B,sulfasalazine,BRD-K10670311,ccsbBroad304_01213,BRDN0001487270
PLA2G1B,sulfasalazine,BRD-K10670311,ccsbBroad304_01213,BRDN0001487520
PLD1,afimoxifene,BRD-K04210847,ccsbBroad304_01216,BRDN0001065841
PLD1,halopemide,BRD-K50055394,ccsbBroad304_01216,BRDN0001065841
PLK1,BI-2536,BRD-K64890080,ccsbBroad304_14770,BRDN0001144995
PLK1,BI-2536,BRD-K64890080,ccsbBroad304_14770,BRDN0001054037
PNLIP,cetilistat,BRD-K94863486,ccsbBroad304_01230,BRDN0001484506
PNLIP,cetilistat,BRD-K94863486,ccsbBroad304_01230,BRDN0001480930
PNLIP,dalbavancin,BRD-K30177383,ccsbBroad304_01230,BRDN0001484506
PNLIP,dalbavancin,BRD-K30177383,ccsbBroad304_01230,BRDN0001480930
PORCN,IWP-L6,BRD-K53234107,ccsbBroad304_03976,BRDN0001065257
PORCN,IWP-L6,BRD-K53234107,ccsbBroad304_03976,BRDN0001065258
PORCN,LGK-974,BRD-K16810791,ccsbBroad304_03976,BRDN0001065257
PORCN,LGK-974,BRD-K16810791,ccsbBroad304_03976,BRDN0001065258
PPARD,DG-172,BRD-K75748943,ccsbBroad304_06754,BRDN0001065000
PPARD,DG-172,BRD-K75748943,ccsbBroad304_06754,BRDN0001065187
PPARD,GSK3787,BRD-K03155172,ccsbBroad304_06754,BRDN0001065000
PPARD,GSK3787,BRD-K03155172,ccsbBroad304_06754,BRDN0001065187
PPAT,azathioprine,BRD-K32821942,ccsbBroad304_06755,BRDN0001490325
PPAT,azathioprine,BRD-K32821942,ccsbBroad304_06755,BRDN0001481315
PPAT,glutamine-(l),BRD-K83896451,ccsbBroad304_06755,BRDN0001490325
PPAT,glutamine-(l),BRD-K83896451,ccsbBroad304_06755,BRDN0001481315
PRKCB,CGP-53353,BRD-K32292990,ccsbBroad304_01282,BRDN0001144990
PRKCB,CGP-53353,BRD-K32292990,ccsbBroad304_01282,BRDN0001148507
PRKCB,ingenol-mebutate,BRD-K93779381,ccsbBroad304_01282,BRDN0001144990
PRKCB,ingenol-mebutate,BRD-K93779381,ccsbBroad304_01282,BRDN0001148507
PRKCB,sotrastaurin,BRD-K16761703,ccsbBroad304_01282,BRDN0001144990
PRKCB,sotrastaurin,BRD-K16761703,ccsbBroad304_01282,BRDN0001148507
PRKCB,vitamin-E,BRD-K97091514,ccsbBroad304_01282,BRDN0001144990
PRKCB,vitamin-E,BRD-K97091514,ccsbBroad304_01282,BRDN0001148507
PRKCE,afimoxifene,BRD-K04210847,ccsbBroad304_01283,BRDN0001483295
PRKCE,afimoxifene,BRD-K04210847,ccsbBroad304_01283,BRDN0001488321
PRKCE,ingenol-mebutate,BRD-K93779381,ccsbBroad304_01283,BRDN0001483295
PRKCE,ingenol-mebutate,BRD-K93779381,ccsbBroad304_01283,BRDN0001488321
PRKCE,sotrastaurin,BRD-K16761703,ccsbBroad304_01283,BRDN0001483295
PRKCE,sotrastaurin,BRD-K16761703,ccsbBroad304_01283,BRDN0001488321
PTGIR,epoprostenol,BRD-K64054020,ccsbBroad304_06811,BRDN0000732963
PTGIR,epoprostenol,BRD-K64054020,ccsbBroad304_06811,BRDN0000732970
PTGIR,misoprostol,BRD-A72351335,ccsbBroad304_06811,BRDN0000732963
PTGIR,misoprostol,BRD-A72351335,ccsbBroad304_06811,BRDN0000732970
PTGIR,Ro-1138452,BRD-K77220725,ccsbBroad304_06811,BRDN0000732963
PTGIR,Ro-1138452,BRD-K77220725,ccsbBroad304_06811,BRDN0000732970
PTGIS,epoprostenol,BRD-K64054020,ccsbBroad304_01334,BRDN0001489053
PTGIS,epoprostenol,BRD-K64054020,ccsbBroad304_01334,BRDN0001487205
PTGIS,phenylbutazone,BRD-K10843433,ccsbBroad304_01334,BRDN0001489053
PTGIS,phenylbutazone,BRD-K10843433,ccsbBroad304_01334,BRDN0001487205
PTK2B,leflunomide,BRD-K78692225,ccsbBroad304_14635,BRDN0001052307
PTK2B,leflunomide,BRD-K78692225,ccsbBroad304_14635,BRDN0001148298
PTK2B,PF-431396,BRD-K93788137,ccsbBroad304_14635,BRDN0001052307
PTK2B,PF-431396,BRD-K93788137,ccsbBroad304_14635,BRDN0001148298
PTPN2,BVT-948,BRD-A22713669,ccsbBroad304_01340,BRDN0001488235
PTPN2,BVT-948,BRD-A22713669,ccsbBroad304_01340,BRDN0001488751
PTPN2,BVT-948,BRD-K68567222,ccsbBroad304_01340,BRDN0001488235
PTPN2,BVT-948,BRD-K68567222,ccsbBroad304_01340,BRDN0001488751
RET,apatinib,BRD-K25244359,ccsbBroad304_14827,BRDN0001058343
RET,apatinib,BRD-K25244359,ccsbBroad304_14827,BRDN0001058011
RET,danusertib,BRD-K07881437,ccsbBroad304_14827,BRDN0001058343
RET,danusertib,BRD-K07881437,ccsbBroad304_14827,BRDN0001058011
RET,ponatinib,BRD-K44227013,ccsbBroad304_14827,BRDN0001058343
RET,ponatinib,BRD-K44227013,ccsbBroad304_14827,BRDN0001058011
RET,PP-1,BRD-K47598052,ccsbBroad304_14827,BRDN0001058343
RET,PP-1,BRD-K47598052,ccsbBroad304_14827,BRDN0001058011
RET,regorafenib,BRD-K16730910,ccsbBroad304_14827,BRDN0001058343
RET,regorafenib,BRD-K16730910,ccsbBroad304_14827,BRDN0001058011
RGS4,CCG-50014,BRD-K08893438,ccsbBroad304_01396,BRDN0001489262
RGS4,CCG-50014,BRD-K08893438,ccsbBroad304_01396,BRDN0001484786
RGS4,CCG-63802,BRD-K26970495,ccsbBroad304_01396,BRDN0001489262
RGS4,CCG-63802,BRD-K26970495,ccsbBroad304_01396,BRDN0001484786
RNASE1,citric-acid,BRD-K76792669,ccsbBroad304_01404,BRDN0001478949
RNASE1,citric-acid,BRD-K76792669,ccsbBroad304_01404,BRDN0001479698
RNASE1,guanidine,BRD-K76037122,ccsbBroad304_01404,BRDN0001478949
RNASE1,guanidine,BRD-K76037122,ccsbBroad304_01404,BRDN0001479698
RPL23A,anisomycin,BRD-K91370081,ccsbBroad304_06884,BRDN0001481176
RPL23A,anisomycin,BRD-K91370081,ccsbBroad304_06884,BRDN0001484348
RPL23A,puromycin,BRD-K01824976,ccsbBroad304_06884,BRDN0001481176
RPL23A,puromycin,BRD-K01824976,ccsbBroad304_06884,BRDN0001484348
RPL3,anisomycin,BRD-K91370081,ccsbBroad304_06874,BRDN0001484416
RPL3,cycloheximide,BRD-K36055864,ccsbBroad304_06874,BRDN0001484416
RPL3,homoharringtonine,BRD-K76674262,ccsbBroad304_06874,BRDN0001484416
RPL3,puromycin,BRD-K01824976,ccsbBroad304_06874,BRDN0001484416
S100B,arundic-acid,BRD-K49223707,ccsbBroad304_06908,BRDN0001480465
S100B,arundic-acid,BRD-K49223707,ccsbBroad304_06908,BRDN0001480426
S100B,olopatadine,BRD-K67637637,ccsbBroad304_06908,BRDN0001480465
S100B,olopatadine,BRD-K67637637,ccsbBroad304_06908,BRDN0001480426
S1PR1,CYM-5442,BRD-A43005764,ccsbBroad304_00476,BRDN0001487864
S1PR1,ozanimod,BRD-K46625559,ccsbBroad304_00476,BRDN0001487864
S1PR2,CYM-5520,BRD-K29151923,ccsbBroad304_02129,BRDN0001485038
S1PR2,CYM-5520,BRD-K29151923,ccsbBroad304_02129,BRDN0001482049
S1PR2,JTE-013,BRD-K43330982,ccsbBroad304_02129,BRDN0001485038
S1PR2,JTE-013,BRD-K43330982,ccsbBroad304_02129,BRDN0001482049
S1PR4,CYM-50260,BRD-K69877120,ccsbBroad304_01991,BRDN0001480034
S1PR4,CYM-50260,BRD-K69877120,ccsbBroad304_01991,BRDN0001484463
S1PR4,CYM-50358,BRD-K80666802,ccsbBroad304_01991,BRDN0001480034
S1PR4,CYM-50358,BRD-K80666802,ccsbBroad304_01991,BRDN0001484463
SCNN1G,amiloride,BRD-K97181089,ccsbBroad304_01492,BRDN0001488543
SCNN1G,amiloride,BRD-K97181089,ccsbBroad304_01492,BRDN0001485163
SCNN1G,benzamil,BRD-K87158025,ccsbBroad304_01492,BRDN0001488543
SCNN1G,benzamil,BRD-K87158025,ccsbBroad304_01492,BRDN0001485163
SCNN1G,triamterene,BRD-K92049597,ccsbBroad304_01492,BRDN0001488543
SCNN1G,triamterene,BRD-K92049597,ccsbBroad304_01492,BRDN0001485163
SIRT2,AK-7,BRD-K09143580,ccsbBroad304_02705,BRDN0001056840
SIRT2,SirReal-2,BRD-K16472653,ccsbBroad304_02705,BRDN0001056840
SLC29A1,dilazep,BRD-K48722258,ccsbBroad304_00504,BRDN0001483817
SLC29A1,dilazep,BRD-K48722258,ccsbBroad304_00504,BRDN0001482450
SLC29A1,N6-cyclopentyladenosine,BRD-K60150510,ccsbBroad304_00504,BRDN0001483817
SLC29A1,N6-cyclopentyladenosine,BRD-K60150510,ccsbBroad304_00504,BRDN0001482450
SLC7A11,acetylcysteine,BRD-K59058747,ccsbBroad304_02826,BRDN0001480510
SLC7A11,acetylcysteine,BRD-K59058747,ccsbBroad304_02826,BRDN0001483086
SLC7A11,L-Cystine,BRD-A15397381,ccsbBroad304_02826,BRDN0001480510
SLC7A11,L-Cystine,BRD-A15397381,ccsbBroad304_02826,BRDN0001483086
SLC7A11,sulfasalazine,BRD-K10670311,ccsbBroad304_02826,BRDN0001480510
SLC7A11,sulfasalazine,BRD-K10670311,ccsbBroad304_02826,BRDN0001483086
SLCO2B1,glyburide,BRD-K36927236,ccsbBroad304_07795,BRDN0001489686
SLCO2B1,glyburide,BRD-K36927236,ccsbBroad304_07795,BRDN0001485154
SLCO2B1,rifamycin,BRD-K38512030,ccsbBroad304_07795,BRDN0001489686
SLCO2B1,rifamycin,BRD-K38512030,ccsbBroad304_07795,BRDN0001485154
SSTR2,octreotide,BRD-A64173453,ccsbBroad304_01602,BRDN0001487345
SSTR2,octreotide,BRD-A64173453,ccsbBroad304_01602,BRDN0001480942
SSTR2,somatostatin,BRD-K14681867,ccsbBroad304_01602,BRDN0001487345
SSTR2,somatostatin,BRD-K14681867,ccsbBroad304_01602,BRDN0001480942
TBXAS1,nicotine,BRD-K01825660,ccsbBroad304_01649,BRDN0001480267
TBXAS1,nicotine,BRD-K01825660,ccsbBroad304_01649,BRDN0001486813
TBXAS1,ozagrel,BRD-K53061490,ccsbBroad304_01649,BRDN0001480267
TBXAS1,ozagrel,BRD-K53061490,ccsbBroad304_01649,BRDN0001486813
TBXAS1,sulfasalazine,BRD-K10670311,ccsbBroad304_01649,BRDN0001480267
TBXAS1,sulfasalazine,BRD-K10670311,ccsbBroad304_01649,BRDN0001486813
TGFBR1,LY2109761,BRD-K47557313,ccsbBroad304_01666,BRDN0000735610
TGFBR1,LY2109761,BRD-K47557313,ccsbBroad304_01666,BRDN0000735603
TGFBR1,SB-505124,BRD-K40109029,ccsbBroad304_01666,BRDN0000735610
TGFBR1,SB-505124,BRD-K40109029,ccsbBroad304_01666,BRDN0000735603
TGM2,GK921,BRD-K38272302,ccsbBroad304_07061,BRDN0001487881
TGM2,GK921,BRD-K38272302,ccsbBroad304_07061,BRDN0001479616
TGM2,LDN-27219,BRD-K51485109,ccsbBroad304_07061,BRDN0001487881
TGM2,LDN-27219,BRD-K51485109,ccsbBroad304_07061,BRDN0001479616
TNF,ethyl-pyruvate,BRD-K47738867,ccsbBroad304_01684,BRDN0001486858
TNF,ethyl-pyruvate,BRD-K47738867,ccsbBroad304_01684,BRDN0001487201
TNF,JTE-607,BRD-K81405859,ccsbBroad304_01684,BRDN0001486858
TNF,JTE-607,BRD-K81405859,ccsbBroad304_01684,BRDN0001487201
TNF,SB-203580,BRD-A37704979,ccsbBroad304_01684,BRDN0001486858
TNF,SB-203580,BRD-A37704979,ccsbBroad304_01684,BRDN0001487201
TNNC1,bepridil,BRD-A91008255,ccsbBroad304_01690,BRDN0001480594
TNNC1,bepridil,BRD-A91008255,ccsbBroad304_01690,BRDN0001483958
TNNC1,felodipine,BRD-A30815329,ccsbBroad304_01690,BRDN0001480594
TNNC1,felodipine,BRD-A30815329,ccsbBroad304_01690,BRDN0001483958
TUBB,colchicine,BRD-K00259736,ccsbBroad304_05206,BRDN0001489809
TUBB,colchicine,BRD-K00259736,ccsbBroad304_05206,BRDN0001488241
TUBB,CYT-997,BRD-K23363278,ccsbBroad304_05206,BRDN0001489809
TUBB,CYT-997,BRD-K23363278,ccsbBroad304_05206,BRDN0001488241
TUBB,epothilone-b,BRD-K68164687,ccsbBroad304_05206,BRDN0001489809
TUBB,epothilone-b,BRD-K68164687,ccsbBroad304_05206,BRDN0001488241
TUBB,ixabepilone,BRD-K03601870,ccsbBroad304_05206,BRDN0001489809
TUBB,ixabepilone,BRD-K03601870,ccsbBroad304_05206,BRDN0001488241
TUBB,oxibendazole,BRD-K52075715,ccsbBroad304_05206,BRDN0001489809
TUBB,oxibendazole,BRD-K52075715,ccsbBroad304_05206,BRDN0001488241
TUBB3,colchicine,BRD-K00259736,ccsbBroad304_02415,BRDN0001488082
TUBB3,colchicine,BRD-K00259736,ccsbBroad304_02415,BRDN0001481198
TUBB3,epothilone-b,BRD-K68164687,ccsbBroad304_02415,BRDN0001488082
TUBB3,epothilone-b,BRD-K68164687,ccsbBroad304_02415,BRDN0001481198
TUBB3,ixabepilone,BRD-K03601870,ccsbBroad304_02415,BRDN0001488082
TUBB3,ixabepilone,BRD-K03601870,ccsbBroad304_02415,BRDN0001481198
TUBB4B,colchicine,BRD-K00259736,ccsbBroad304_02416,BRDN0001479766
TUBB4B,colchicine,BRD-K00259736,ccsbBroad304_02416,BRDN0001480275
TUBB4B,epothilone-b,BRD-K68164687,ccsbBroad304_02416,BRDN0001479766
TUBB4B,epothilone-b,BRD-K68164687,ccsbBroad304_02416,BRDN0001480275
TUBB4B,ixabepilone,BRD-K03601870,ccsbBroad304_02416,BRDN0001479766
TUBB4B,ixabepilone,BRD-K03601870,ccsbBroad304_02416,BRDN0001480275
TUBB4B,oxibendazole,BRD-K52075715,ccsbBroad304_02416,BRDN0001479766
TUBB4B,oxibendazole,BRD-K52075715,ccsbBroad304_02416,BRDN0001480275
UGT1A9,niflumic-acid,BRD-K98763141,ccsbBroad304_03441,BRDN0001483238
UGT1A9,phenolphthalein,BRD-K19227686,ccsbBroad304_03441,BRDN0001483238
USP1,ML-323,BRD-K93942811,ccsbBroad304_01760,BRDN0001487607
USP1,ML-323,BRD-K93942811,ccsbBroad304_01760,BRDN0001484218
USP1,NSC-632839,BRD-K81197548,ccsbBroad304_01760,BRDN0001487607
USP1,NSC-632839,BRD-K81197548,ccsbBroad304_01760,BRDN0001484218
VEGFA,minocycline,BRD-A69651145,ccsbBroad304_01768,BRDN0001065457
VEGFA,minocycline,BRD-A69651145,ccsbBroad304_01768,BRDN0001488344
VEGFA,pidolic-acid,BRD-K57313110,ccsbBroad304_01768,BRDN0001065457
VEGFA,pidolic-acid,BRD-K57313110,ccsbBroad304_01768,BRDN0001488344
VEGFA,trometamol,BRD-K47978074,ccsbBroad304_01768,BRDN0001065457
VEGFA,trometamol,BRD-K47978074,ccsbBroad304_01768,BRDN0001488344
